﻿Designator,Footprint,Quantity,Value,LCSC Part #
BUZZER1,BUZ-SMD_4P-L7.5-W7.5-BR,1,80dB,C49246950
"C1, C5, C7",0201,3,10u,C19702
"C10, C9",0603,2,10p,C1634
"C11, C12, C8",0603,3,22u,C2762594
"C13, C14, C15, C16, C19, C20, C25, C26, C27, C28, C29, C3",0603,12,100n,C14663
"C17, C18",0603,2,10u,C19702
C21,0603,1,22n,C21122
"C22, C23",0603,2,15u,C445715
C24,0603,1,100p,C14858
"C4, C6",0603,2,1u,C15849
CN_BAT1,CONN-TH_XT30UPB-M,1,XT30,C428721
CN_CAN1,CONN-SMD_4P-P1.25_JXTCONN_DMX-4PWB-43,1,JST_GH 4,C42422450
"D1, D3, D4, D8",SMC_L6.9-W5.9-LS7.9-RD,4,SS34,C154551
F1,F1812,1,6A,C7542974
"F2, F3",F1812,2,1.5A,C70117
J2,USB-C-SMD_G-SWITCH_GT-USB-7010ASV,1,GT-USB-7010ASV,C2988369
J4,HDR-SMD_10P-P1.27-V-R2-C5-S5.8,1,ARM standard debug,C5155080
L2,IND-SMD_L6.8-W6.8_SMMS0630,1,33u,C149577
L3,L0603,1,4.7u,C114862
LED1,LED-SMD_L3.2-W1.0-R-RD,1,LED BLUE,C375481
LED2,LED1206-RD_GREEN-SIDE,1,LED GREEN,C375564
LED3,LED1206-RD_RED_XL-3216SURC-FB,1,LED RED,C3646938
"Q1, Q2, Q3, Q4",SOT-23-3_L2.9-W1.3-P1.90-LS2.4-BR,4,NPN,C57668
"R1, R16, R19, R2, R24, R26, R6",0603,7,10k,C98220
"R10, R8",0603,2,150R,C2907103
"R11, R25, R9",0603,3,1k2,C2906976
R12,0603,1,52.3k,C2998074
"R13, R27",0603,2,1k,C22548
R14,0603,1,180R,C2907000
R15,0603,1,90.9k,C2930136
R18,0603,1,50k,C861451
"R22, R28",0603,2,5k1,C2907044
R5,0603,1,120R,C22787
R7,0603,1,2k2,C114662
SW_BOOT0,SW-SMD_4P-L5.2-W5.2-P3.70-LS6.4,1,Button,C49234134
U1,SOT-23-6_L2.9-W1.6-P0.95-LS2.8-BL,1,USBLC6-2SC6,C7519
U10,SOT-23-3_L2.9-W1.3-P1.90-LS2.4-BR,1,ME6206B18XG,C2683407
U2,LQFP-64_10x10mm_P0.5mm,1,STM32F405RGTx,C15742
U3,SOIC-8_L5.0-W4.0-P1.27-LS6.0-BL,1,SN65HVD232DR,C30530
U4,HDR-TH_12P-P2.54-V-M-R2-C6-S2.54,1,2.54_conn 12 pin,C7501277
U5,InvenSense_QFN-24_3x3mm_P0.4mm,1,ICM-20948,
U6,VQFN-HR-10_L3.0-W3.0_TI_RPA,1,TPS56A37RPAR,C22392669
U7,SENSORS-SMD_MS5611-01BA03,1,MS5611-01BA,C15639
U8,TO-263-5_L10.2-W9.0-P1.70-TL-LS15.2,1,LM2596S-3.3_C19631822,C19631822
U_SWITCH1,SW-TH_MT-0-102-E001-T000-RS-PJ,1,Switch,C1788499
Y1,CRYSTAL-SMD_4P-L3.2-W2.5-BL,1,16MHz,C112972
